{
  "materials": {
    "Test/Wood": {
      "diffuse": {
        "r": 0.800000011920929,
        "g": 0.800000011920929,
        "b": 0.800000011920929,
        "textures": [
          "textures/woodfloor.png"
        ]
      },
      "specular": {
        "r": 1.0,
        "g": 1.0,
        "b": 1.0,
        "power": 20,
        "intensity": 0.15000000596046448
      }
    },
    "Test/DirtWall": {
      "diffuse": {
        "r": 0.800000011920929,
        "g": 0.800000011920929,
        "b": 0.800000011920929,
        "textures": [
          "textures/dirtground.png"
        ]
      },
      "specular": {
        "r": 1.0,
        "g": 1.0,
        "b": 1.0,
        "power": 50,
        "intensity": 0.0
      }
    },
    "Test/MarbleB": {
      "diffuse": {
        "r": 0.800000011920929,
        "g": 0.800000011920929,
        "b": 0.800000011920929,
        "textures": [
          "textures/black_marble.png"
        ]
      },
      "specular": {
        "r": 1.0,
        "g": 1.0,
        "b": 1.0,
        "power": 50,
        "intensity": 0.5
      }
    },
    "Test/MetalWall": {
      "diffuse": {
        "r": 0.800000011920929,
        "g": 0.800000011920929,
        "b": 0.800000011920929,
        "textures": [
          "textures/metal.png"
        ]
      },
      "specular": {
        "r": 1.0,
        "g": 1.0,
        "b": 1.0,
        "power": 35,
        "intensity": 0.5
      }
    },
    "Test/WoodBeam": {
      "diffuse": {
        "r": 0.800000011920929,
        "g": 0.800000011920929,
        "b": 0.800000011920929,
        "textures": [
          "textures/woodlight.png"
        ]
      },
      "specular": {
        "r": 1.0,
        "g": 1.0,
        "b": 1.0,
        "power": 15,
        "intensity": 0.1366906464099884
      }
    }
  }
}